bkn_nop,sac_cha,cle_det,den_chi,nyk_cha,lal_okc,lac_sas,den_hou,phi_was,gsw_pho,bkn_tor,hou_uth,dal_sac,mia_atl,mia_chi,lac_gsw,min_uta,mem_gsw,tor_sas,nyk_bkn,okc_uta,cle_nyk,min_mem,bos_cha,det_mil
alvarado fires away and buries the three,hurry seth Hurry nobody stopped the ball oh that's a mistake give two to Seth Curry,this is rush it up Malik be a step up two won't go through tap back to Malik way outside for Tim Hardway junor he'll drive and scoop and score Off The Square,Bulls beat the Nuggets earlier in the season and the nuggets have the tack,was oh my goodness going to give him some vertigo miles Bridgette's going to go home after this game,set to go here at center court And away we go when the Thunder win the tip,great to see coach Van Dundy back as the ball is up and the game is on,rockets win They finished with 53 on the year and 30 here at Toyota Center on the final day of the regular season,Champenny Alex Sar got that party started last night with 16 of his 20,They are great positional rebounders.,Nets control the tip as they look to even the season series.,"Tough deep baseline, they push it back down low, the spin underneath and the reverse bucket by Shenon.","Doncic off the screen, reads the curl and delivers perfectly to Lively.",Adebayo scores early for Miami.,Wiggins pushes the pace for Miami.,Bearden hits a three to start.,Utah opens the game with a three.,Moody starts for Golden State.,The tip is won by San Antonio and we're underway.,Claxton scores on the follow for Brooklyn.,"Wiggins drops the corner pass, turnover.","Nice feed inside, and Anunoby finishes near the rim.","Memphis wins the opening tip, and we're underway.",Payton Pritchard opens the game with the first two points for the Celtics.,Payton Pritchard starts strong with early buckets for the Celtics.
immediately after that miss not too often that you miss two clean shots in a row oh ricocheted into the arms of Brown and he reverses it in,damonte Sabonis has led the NBA in rebounding each of the last two seasons currently leading at rebounds per game this year and he goes coast to coast for his first bucket,Mobley on the perimeter flips to Donovan Mitchell Mitchell spins and fires and fills it up,Murray's going to be guarded by giddy he's got a great look 16 putter on the way G yes on both,hornets going to take on Thunder tomorrow in OKC,we have an incredible color scheme tonight uniform-wise,it'll be Clipper ball this has truly felt like a home ever since,The East has played and now it's time for the West as every game in the conference will start right now and on time,AJ Johnson back into the lineup,For Ginsky there with the force but able to find the bottom of the net.,RJ Barrett on the floor so it's going to have to be done by extra effort.,He's very crafty.,Lively missed 34 games with an ankle injury.,Bam makes it 10–0.,Burks floats it up and in for Chicago.,Chris hits from deep.,McDaniels drives to the rim and lays it in.,Jackson hits an early three.,"Castle loses the handle, Mo up to Barnes who dunks it.",Awuah picks up a turnover and throws down a big dunk.,Lowry hits a smooth 10-footer.,Anunoby hits a three over Mobley.,Ja Morant opens the scoring with a jumper.,Pritchard scores again early—getting unleashed in the regular season finale.,Kyle Kuzma hits a heat-check three—feeling it early.
have you never experienced it yourself i I have not experienced it yet that's my first ricochet sound i just hope we get Oh I hope we get more,look at that fancy right-handed finger roll miles Bridges little body bang right there and he lays it,jayen Z scream for Dennis Sher all the way inside puts it in front to assar Thompson leaning blasser goes for assar,okay in the lane the shot is good Jordan who had a career,first bucket for the Knicks carl Anthony Towns,We got the Lakers with their gold unis,zoo gets the first touch for the Clippers going up against Bismako puts it up and puts it in,Their winningest coach in franchise history and a champion two years ago was fired on April the 8th along with their general manager Calvin Booth,Ronnie Walker,They read and react as well as anybody in the game right now collectively.,Timmy just always finds himself at the right place at the right time as Abajis sticks the triple.,"Filipowski inside, saved by Walker.",Anthony Davis makes a great play at the rim.,"Young controls the loose ball, pushes ahead.",Herro drives twice to open up the floor.,Jeff hits a jumper to get in rhythm.,McDaniels swats the shot on defense.,"Pajski drives, kicks to the wing, Rams hits his second three.",Mobley hits a three from the top.,Payne hits from the outside.,"Turnover Utah, Isaiah Joe leads the break, finds Williams for a trailing three—got it.",Anunoby dishes beautifully to Robinson for a dunk.,Edwards runs the floor and throws it down.,Luke Kornet plays aggressively inside.,Connaughton drills a three for Milwaukee.
olen had it slapped away by Williams perfectly timed on that dig here's Claxton claxton flips it in,simpson takes his time and scores his first two,M with a high screen for Darius Garland gets it back on the wing fires bills it,Murray is inside I was going to say a career high 15 rebounds,if you set the pace move around they can't use that physical attack that they like,starts off things with a scoring of the two,he's made his last 12 tonight is Zoo's 77th game that's a careerhigh in games played in a season,Shen scores the first two points,Quinton Grimes comes up with the rebound,"Devin Booker, a flurry of moves, able to lay it in.",Johnson bullies his way to the basket for two.,"Cody winds up, deep corner three, that's what Walker's done so well this year.",P.J. Washington drives to the cup.,Reza glides to the rim and scores plus the foul.,Adebayo finishes at the rim.,Kawhi nails a mid-range jumper.,"Conley drives left, finishes, and draws the foul.",Jackson responds with another three.,Champagnie scores inside for Toronto.,"Martin taps it back, Johnson drills a three.",Wide open three drops again for OKC.,"Anunoby fakes, finds Hart, who knocks down a three.",Randle scores over Edy in a tough matchup.,Pritchard hits another jumper in rhythm.,Smith responds with a catch-and-shoot triple.
alvarado buries the three jose Alvarado's second make from deep on two attempts and he is brought already it feels like he's been here the entire year,nice little move in the paint there by Nerkage,easy down deep for a dunk to Jaylen Duran,vich over to Giddy buellis lets it go that's good,can you steal points like that good jeff with a twoand hammer on both ends,Reeves had a clean look and the Lakers get a three to open up their scoring,dunn lobs to Derek Jones Jr look out below took off like a Wyama,Yic with a pretty move and score,Good pass by Grimes inside to Bona,Since then a 21-6 record as Bradley.,"No Yakoba Purle, no Emanuel Quickley, no Grady Dick for Toronto.",Oh what a bounce pass and a find.,"Washington lobs it, Lively misses the dunk, but Davis gets the ball.",Turnover leads to Young pulling up from deep.,Burks pokes it away from Herro.,Kawhi Leonard gets to the rim and finishes strong.,"Edwards uses a between-the-legs move, steps back, and hits the jumper.",Golden State comes up with a steal.,Castleton collects the rebound and dunks it in.,Shamet pulls up in transition and hits.,Juan responds with back-to-back triples.,Garland shakes and banks it home off the glass.,Morant gets to the rim for an easy two.,JD Davison drives and scores on a floater.,Beasley scores on a floater for Detroit.
matt Kovich oh oh my that might be worthy of a sound effect trying to collect it,d Rozan weaving around Sabonis finds through him on the elbow,assar Thompson crosses over leaning glass good assar off to a strong strong start,Mar navigating around Jordan down in the middle of the p and he Rams it home good Vision byal,you got to limit the Knicks they'll get you in scramble mode knock down threes,Lakers have relied heavily on it in game one,barnes on the wing for three it's backto back buckets for Harrison Barnes,Bley down low nice find and he goes in for the slam,Quinton Grimes and Lonnie Walker each scored 29 for Philly in that loss to Miami,"Booker against Curry runs into the double team, two to shoot.",Timmy series of moves and a finish.,Walker the rebound and the assist.,"Davis gets a clean look, but it's no good.",Young gets bumped and wants the call.,Wiggins hits a wide-open three.,Harden draws the foul on the drive.,Randle backs down George and hits the fadeaway.,Curry finds Payton for a corner three.,Barnes up-fakes and scores.,Martin hits a high-arching three.,Wiggins hits from the corner.,Brunson races down the floor and hits a reverse layup.,Edwards drills a three from the wing.,Moussa Diabate scores for the Hornets inside.,Kuzma finishes with finesse at the rim.
Timmy oh yeah,Sabonis hands it off to Ellis murray back to Sabonis second dunk of the corner,a secondary move George he was cut off on the initial surge crossed over and still put a lot of pressure on Jaylen dur,muray backing in on Kobe white going to turn shoot now instead goes up and under and about start with four early points,plumbable rebounding the ball and Anobi gets a layup,Lakers are still hot after making a franchise record 22,powell in the wing for three he retaliates,Brown drives goes into Yic and he finishes,Inside slam by Adim Bona,Royce O'Neal knocks down a three.,"Good ball reversal, open look goes down.","Johnny's been shooting the three ball well, 13 points against Memphis including three triples.",Washington inside with the slam.,Wiggins hits a pure jumper.,Kobe White knocks down a deep three.,Curry hits an open three.,Naz Reid throws it down off the lob.,"Payton fakes, fires, and connects.",Harrison Barnes hits another jumper.,Knicks get a technical free throw off a defensive 3-second violation.,Wiggins drives and scores at the rim.,Garland drives and scores with a foul.,Morant answers with a three.,Gibson pushes in a left-handed layup.,Kuzma pulls up and drills another—he’s cooking.
it's funny i I got the scouting reports from CJ McCollum yeah yeah I saw that you really did he did i I got a lot of notes but he said that Matt Kovich is good for one nasty jam a game and whether it's from the bench from the sideline on the floor that type of energy is really valuable,sabonis another offensive rebound at two,the Pistons go inside to jayen dur tried to go up for the jam only got a hand on it,buellis with the straight line,hart with a tough catch gets it over Mark Williams,SGA shows the passing skills setting it up for Hardenstein on the slam,byambo inside the floater is good,Jokic always great shooter too Makes a three,"Grimes tried to go behind his back, hit the leg of Sar",Curry doing some dancing and able to bury the three.,"Off the screen, lob it up, slam it home.",There's a bounce pass from Walker to Keante.,Good pass by Washington.,"Wiggins uses strength and misses, but Kell Wear throws it down on the follow.",Wiggins goes backdoor and finishes under the rim.,Kawhi draws a foul attacking Buddy Hield.,Edwards fires from deep and hits.,Two-point guard look slashes into a pass and finish.,Castle drives inside and slams it down.,Payne hits another jumper—he's heating up.,Thunder score again in the paint on the dish.,"Brunson finds space, hits a three-pointer.",Morant scores a floater over Gobert.,Sam Hauser gets back on track with a jumper.,Beasley hits Sasser in transition—Sasser nails a corner three.
nearly came up with a steal there instead Makovich you said one nasty dunk a game,ma with the left bank,now he's got Merill guarding him gets by him gets to the B Scoops off the high glass and scores count that baby and a foul,herder comes off the screen nuggets are chasing he can't shoot good defense in load of and he puts it away,deflection or distraction way he shoots the ball,JD his mid-range shot into his area that he likes,paul against Zubots forces him into a tough fadeaway paul knocks it down,"Brooks picks up the short hop skip, drives, and banks it in","Look at Alex running the floor, two hands on the rim",Kuminga able to get the dunk there.,Barrett bully ball.,"Stop and go dribble drive, there's that little floater so good.",Marshall hits a corner three.,LeVert scores on a dribble drive plus the foul.,Bam Adebayo delivers a beautiful pass to Wiggins.,Buddy Hield hits a deep three.,DiVincenzo hits a three.,Heel nails a deep three.,"Barnes throws it up, Mo finishes the alley-oop.",Awuah throws down a dunk.,Wiggins finishes through contact for an and-one.,Brunson left open again—back-to-back threes.,Morant hits another three—he’s heating up.,Bulls run a clock strategy—Celtics going for a two-for-one.,Beasley nails a deep three with a shimmy.
off to Timmy timmy turning taking and hitting off the window for Drew,kings have a four-point lead despite the fact that they are 0 for eight from behind the arc elbow jumper good to Rosen,Dennis shudder penetrat corner to Simone up take and a long gun that won't go but sh's got the rebound then Hardway Jr for three and that one through,inside Watson Lay It Up in in over Mattis,tom Dimo's team is now in the bonus,the kick out SGA a rare wide open three but over the top,harden gets around his defender and Wesley counted on a foul and sent Harden to the line,Gordon goes in transition and slams it home,Tan grabs his second rebound,Stephen Curry right back at it.,Paloma with an impressive and one finish.,Good D by Johnny there.,"LaVine's first shot is good, a three for Zach LaVine.","Herro drives and kicks, Highsmith hits a high arcing three.",Wiggins spins and finishes for another bucket.,Buddy flips it up and in through contact.,DiVincenzo heat check—another three.,"Curry drives, finishes at the rim.",Castle tosses it up and gets the roll to beat the clock.,Awuah powers inside and scores again.,Senzaba turns it over on the drive.,Brunson lobs it to Robinson for the alley-oop dunk.,Reed checks in and drills a three.,Walsh scores after a friendly roll.,Livingston finishes inside for the Bucks.
timmy working Timmy on the interior and finishing,good catch in traffic by Valenudis sets a corner offensive rebound lavine Mo former Hornet gets a free one right there wide open look,Tim Hardway junr with another triple man he was two and 1 half three steps behind the long line,Murray and a let rip he does and gets another one,bridges two feet in the paint,here comes Jub to put it down,powell with five here in the first quarter,Fred Van Fleet underneath to Thompson and that gets deflected away and stolen,"Inside Champenny, another offensive rebound and putback",Turnover for Phoenix and Curry working on Gillespie.,Battle power dribble and he puts it home at the horn.,"They feed Shingon working on Walker, spins inside, tapped up and in.",Gafford will get the main responsibility for boxing out Sabonis.,"Off the make, LeVert gets behind the defense for a jam.",Terry just checked in and hits a deep heave as the shot clock expires.,Draymond beats the buzzer with a corner three.,"George loses the ball, regains, misses, and Randle finishes through contact.",Curry leads the break and finds Heel for a layup.,Barnes scores again—Toronto shooting 64% from deep.,"Johnson ball fakes, scores with an up-and-under.",Isaiah Joe drills a wide open three.,Anunoby finds Bridges for a midrange jumper.,"Randle gets a steal, finds Alexander-Walker for a corner three.",Walsh tries to take the final shot but loses the handle—Sims can't convert.,Clintman sets up a nice layup with a great pass.
shot clock all the way down to five here here's Wilson rages inside and finishes what a first of all just a smart heads up read,strong drive by Lavine,Mobley with the dribble stop sends it scores it from distance,intercepted by Westbook Westbrook Off to the Races bounces to Brown and and,harden probably the best rebounding guard in the league today almost 10 a game,The Lakers have a small lineup out there on the floor,big finish inside for San Antonio,Westbrook to Brown That's eight straight for Denver They've made six straight shots,Martin collects the offensive rebound,Little floater no good but he gets his own put back.,Mo Barrett Swider Lawson goes coast to coast and lays it in.,Jacque Landell just checked in.,"DeRozan for three, and it's good.",Okongwu misses the dunk and Miami saves it.,Tyler Herro hits a deep three.,Moody comes up with a block on defense.,George curls hard to the rim and finishes.,Butler finishes through contact inside.,Castle hits a midrange jumper and reaches double digits.,"Achiuwa finds Koh, who scores with a foul.",Carlson hits a push shot for Utah.,Bridges steals the ball after a bad pass from Tyson.,Edwards explodes to the rim and finishes at the buzzer.,Boston leads 33–5 after the first quarter.,Beasley splashes another deep three—jump shooting on display.
n turned it over six times in the first but it led to just one New Orleans point as Claxton insists his way to the cup,they call the foul on Nerkitch and Valenunis,rebound comes way to Javonte green Donovan Mitchell spins to the Baseline Scoops and scores,Westbrook DP Jordan he puts it away excellent pass by Russell Westbrook,they're going to get Manovi continuation,Dort hoist and hits again from deep,harden finds Powell into the paint oh reverses it and lays it in,Pocket pass and there goes Adams to Thompson,"AJ deep three, there you go","Curry keeps the dribble, finds space, and a mid-range jumper is good.","Watford against Barrett, spray it out, Williams for three.","They bring in another near seven-footer, 6'11"" pieces.",Max Christie scores from the upper seven.,Herro steps into a three and drills it.,Highsmith knocks down a three from the wing.,Buddy Hield hits another three off the timeout.,"DiVincenzo pump fakes, drives, and scores the layup.",Butler dishes inside for a bucket.,CPC finishes with a one-handed slam in transition.,McBride hits a jumper out of a double team.,Wiggins up to 14 points after a historic previous game.,Okoro drives and finds Tyson for a layup.,Kachar hits a three from the corner.,Jordan Walsh finishes strong off two feet.,Waters hits a deep three for Detroit.
in the corner what a rejection from Williams how about the other corner step back three that one rattles in for Brooks,Josh Kogi back on the floor takes on the rookie Carter Scal and a P,mbly inside frees all around no to go and the Pistons run it out to Ron Holland for a dynamite dunk,Jordan's got it Jordan going to put it up no skip it pyton Watson no good,shot clock down at four hart leaning to his left and he still hit it,The Lakers are four five So matching that total,wesley in the corner back to Barnes for the tray it is good,Jeff Green is checked in Here's a three by Joic He's two for three up top but as he rattles that in,Washington started the game missing their first five from downtown,Up ahead to Booker off the glass.,Swider off the heel pops up into the hands of Watford.,There's some height on the floor after Shingune's departure.,LaVine drives and finishes at the rim.,Niang hits a three for Atlanta.,Giddey drives past Highsmith for an easy layup.,Zubac finishes off a Harden dish.,Outside look for Utah is good from three.,Payton scores with the shot clock winding down.,Abaji drills a three.,Timmy rocks the rim with a powerful dunk.,"Springer kicks it to Johnny, then to V, who misses a three.","Strus misses, but Porter flies in for the tip.",Nice drive and finish for Minnesota.,AI soars in and scores.,Green pulls up—misses badly.
look like Claxton took a shot somewhere in the neck was taking a moment to catch his win as Madovich throws it down on the CJ McCullum scouting he said he's one of the best passers that he's ever seen and obviously CJ McCullum has played with a lot of great gets denied by Makovic,hanging around the rim carving out space legendary internationally Marcelonus some people say is the inspiration for the Euro,Donovan Mitchell whips AC Cross Court passes picked off by Malik Beasley robs reverse Jam for assar,Jordan to Watson pass in,count on the bench brunson not in the game where will the offense come from,almost to display a three-point shooting between these two ball clubs,bogdanovich for three it is good,Joic will take another one and hits again Three of four from three,"Martin behind the back in the paint, count the bucket and the foul","Curry, he is on one tonight.","What a fine, Williams all alone for the easy deuce.","They don't lose much with Dillon Brooks, but no one else came over to help him.","Sacramento looking to run, five on four, Davis slow to get up.",LeVert pulls back and hits a highlight stepback.,Terry drives and finishes in traffic.,Harden kicks out to Dunn who hits the three.,Flipke flips it in on the offensive glass.,Butler hits a three from the wing.,Barnes uses a shake move and scores inside.,Awuah hesitates but doesn’t attack the lane.,"Williams rebounds, cross-court to Flaggler—splash.",McBride hits a high-arcing three.,Bane hits a three for Memphis.,Gibson hits again for Charlotte.,"Waters finds Smith inside, but Nance blocks it."
we'll find out exactly how well said when I get a text from Monty McCutchen,look at Miles spins it in with a right hand wow,Thompson gives it up to Dennis shuder screen from St nice drive by scrudder off the glass with a runner and he hits it,nii nii trying to go up and under couldn't,mark gets the press as well oh Miles with the right hand his second field goal,Lakers shooting 83% from downtown The Thunder shooting almost 60%,johnson goes in for the finish,Van Blade wide open look and finally they get something,Butler rebounds,"Booker, they switch it, now Looney's on him.","Gets in the paint, spins and scores with a chance for three.","KJ Martin, Johnny, corner three, good.",Corner three is good from Devin Carter.,"Mitchell lobs it, Adebayo finishes the alley-oop.",Giddey hits a three from the wing.,Moody to Curry for a corner three.,Edwards drills a three from the wing.,Morant scores on an acrobatic drive.,"Barnes scores again, showing his playmaking and size.",Whitehead drills a corner three.,Flaggler hits another three off a dribble handoff.,Bridges kicks out to Strus—another three goes down.,Edwards returns and scores immediately.,Pritchard posts up and scores inside.,Green takes a contested three—misses at the buzzer.
here's Jamal Kane kane able to dance inside and finish i think they are and they should be from everything from the start of the season training camp the time he was hired to all of the examples,just disturbing athletic ability from Malik Monk,Garland with the basketball for the Cavs okoro screens Garland stops on the wing fires and fills it up all net on that shot,Westbrook to beat the clock got it he has passed Kevin Garnett,float game work,Donic got it right back,vel counter and a foul,Porter Jr dumps it off to Westbrook Shoots over Thompson Misses off the back of the rim,Meeting Kyrie Irving on the floor was one of my favorite moments,Grayson Allen late clock hits.,"Battle steps up, seven to shoot, battle through the contact.",Nice pass out and a nice shot.,Brandon Williams hits a three.,"LeVert gets physical, kicks to Adebayo who scores with the left hand.",Herro stepback three-pointer is good.,Dunn hits his third straight three-pointer.,George finds the angle and finishes at the rim.,Jackson gets inside and scores.,Wesley drives all the way and lays it in.,Shamet drills a triple at the end of the first quarter.,Wiggington finishes a tough pass inside.,"Brunson feeds Hart, who finishes in transition.",Morant lobs to Edy for an easy two.,Walsh finishes again—Pritchard tallies his fourth assist.,Kuzma finishes the half with 22 points; Connaughton adds 19.
ec beats the shot clock and flips it in,oh nice Sims he turns on the afterburner,Hardway junr from the corner out of the timeout drains it from distance,wide open is dalen Terry knocks it in,early seven of seven from three this one shots with his first two,What does he decide to do with Hardenstein little bit of a reach in,patoon for three bounces off Zoo,"Vanble drives, banks it in by Thompson and scores",Bona going upstairs for the finish,"Allen off the foot of Looney, a turnover and a layup by Hield.","Swing it, extra Lewis aggressive to the rim for two.",Three ball 26% from downtown and it's always really good when that pass can come in rhythm.,Game tied at 27 apiece.,"LeVert swings it, hits a three as the shot clock winds down.",Collins hits a corner three off a Herro pass.,Kowalski tips it in off a miss.,"Randle drives, misses, but Gobert tips it in.",Jackson scoops and scores through traffic.,Barnes hits another three—Raptors’ 10th of the half.,Watford spins and scores plus the foul.,Kyle scores a tough jumper off the bench.,Mobley responds with a corner three.,Edwards hits a tough jumper off the dribble.,Okogie hits a three for Charlotte.,"Connaughton finds Hines, who drills a three off the pick and pop."
here's Watford shot clock down to five maxwell Lewis spinning through the lane flips it in beautifully,zack Lavine explodes with the left hand,darland to four Court Garland down the lane sh blocked out of bounds it was on the way up,here comes Kobe white Kobe white way downt that's what he's been doing that threes,nice nerk directing traffic extra pass to Bridget nerk get it back,that's JDub picking up the cheap foul,Barnes and he layers it in,Fred Van Fleet misses there Thompson and Jordan battle for the rebound Picked up by Tory,"Tristan putting it on the deck, head fake, Reese with a block",Pajemski tough shot from the baseline.,"Shoots 41% from three on the season, 89 from the free throw line.","Green does take eight three-point attempts a game, shoots 35%.","Murray penetrates, goes left, and scores.",Wiggins explodes for a rim-rattling dunk.,"Bates steals and hits a buzzer three, but it's waved off.",Curry steals it and lays it in.,Edwards beats his man and scores the reverse.,"Kennard fakes, then hits a buzzer-beating three.",Castle spins inside and scores.,Watford fades and hits a jumper.,"Wiggins waits, then drives and scores again.",Brunson gets continuation on a drive and scores.,Morant scores in the paint to answer.,Cornet finishes off a lob.,Smith hits another jumper.
has it stolen on the run kayman has his pocket picked by Beakman here's Wadford wadford to the corner catch fire and hit for Whitehead,Musa takes his time on the reload the shots blocked snaps a streak of eight consecutive shots made by Giovante,Moy hands it deep to Jared Al P punch it away jayen Duran with a block,Westbrook underneath the basket pick it back to nii what a nice dish,milo wearing that right knee brace we've never seen him wear that before,Reeves plays through it Going to get a chance for an and one,zoo oh it's a lob from Zoo to Derek Jones Jr counted on a foul,Albert flying in again and finishes at the rim,Carrington mid-range jumper,"Steph was incredible, great start, getting his own tip in.",Shows off the length and lays it home.,"Just inside the arc, silky smooth shot.","DeRozan off to a hot start, LaVine is ignitable.",Young gets one to fall.,"Mitchell defends White, but White hits a tough shot.",Zubac finishes a Harden alley-oop.,McDaniels grabs his own miss and hits the turnaround jumper.,Jackson drains another three.,Scotty Barnes fades and hits over his defender.,Watford scores again inside with a strong finish.,"Potter misses, Williams runs in transition and finishes.",Brunson floats it in with his right hand.,Randle scores on Jaren Jackson with a series of moves.,Sam Hauser hits a three from the corner.,Waters drives the close-out and finds Smith—denied at the rim.
under five minutes to go in this first half new Orleans a two-point lead on Brooklyn,he shot it quickly before Ellis could get back to recover malik Monk his second three-pointer tan and one for the freshman,open in the corners Malik Beasley and he triples a little shimmy,Williams in on nii nii bled it out and out of bounds,not only is it a brace but it also has a pad on there,Ken Rich Williams on the drive on the baseline got all the way to the cup Couldn't finish it,bel Johnson right place right time,Jordan to Porter the midi No DeAndre Jordan The rebound had a block by Shon gets it back is swarmed and still scores,Carrington putting it on the deck for a pull-up,Draymond was a defensive clinic.,Walter can the triple and extend the defense.,Johnny Duang his first two.,Washington drives and hits the floater.,"Herro draws a big and gets stripped, Okongwu steals and scores.",Herro whips a pass for an assist.,Zubac gets his 15th straight double-double.,Edwards finishes at the rim with his left.,Butler dishes to Edy for an easy finish.,"Castle misses a floater, Biombo cleans it up.",Watford drives and finishes another layup.,"Isaiah Joe rattles out, Williams scores off the putback.","Garland drives and whips it out to Okoro, who hits a three.",Hay hits a quick three—Memphis takes the lead.,JD Davison hits a behind-the-back highlight assist.,Smith hits from midrange; showing confidence.
watford he got it here comes Brooklyn on the move watford finds Timmy oh the soft touch from Timmy and it comes up,monks got 13 points in the second quarter,Jonathan Mitchell to okoro for a corner gun it is off iron to assar Thompson way up to Tim Hardway junor for a slam,Williams in on chanar over the top he goes and he knocks it,the ball spins it up and in right there by the Hornets,Hardenstein trying to distribute There's the cut from SCA off the trampoline for the jam,Dunn on the wing for three it's good,Murray the other way for Denver,Bington with a rare turnover,Forcing them into shots late in the shot clock.,Battle's going to get the leak out bucket and rise up for the easy one.,Green little jumper ricochets off the iron.,"Lively on the catch, Williams hits a spot-up three.",Wiggins slams it on an open lane.,Herro scores again—he has 18 points already.,Sabonis scores again inside.,Alexander-Walker assists Gobert on a dunk.,Ber drives past Edy for two.,Barnes kicks to Paul for his third bucket of the third quarter.,McBride steals and slams it on the break.,Williams gets the shooters roll off the rim.,Bridges finds Robinson for a dunk.,Edwards hits two of three at the line to retake the lead.,Sims drills a three for Charlotte.,Smith scores and draws the foul inside.
let's be clear I played club ball in college okay it's a little different oh Alvarado finding me and just their ability it's an unselfish group top to bottom and they find those areas,simpsons had a nice second quarter little pull up for team high,Moy from the corner Hardway splashes it down what a night for Tim Hardaway Jr,Michael Porter Kobe white with it white another long range three that's good too,everybody making the guy with the ball give it up,He got to his spot That's an easy one for him,Jones rises for three harden the rebound and the put back,Murray to Gordon from the wing and he makes the three,Another missed layup tells you what the Sixers have gone through,We got to defend without fouling.,Zubots is dominating the NBA.,"Guess who in a crowd over Landell, it's Walker for the rebound.","Williams hits again, back-to-back threes.","Reza is one of 11, Young is three of 14.","Kyle Anderson deflects and lobs to Ware, who slams it down.",Draymond hits a three from the top.,George banks in a shot from the wing.,Bane dunks off a double team collapse.,Barnes backs down and scores again.,Brooklyn runs a euro step finish in transition.,"Jaylen Williams saves the ball, leads to a made three.",Brunson crosses over and floats in another bucket.,"Morant drives, kicks to Bane—another three for Memphis.",Miles Norris cuts the lead to 11 at the line.,Waters drains a jumper after an offensive board.
wide open on the interior mei slams it down,simonus cleans up the miss by Lavine,Jaylen durh outside for Dennis shudder shoter into the corner to Hardaway Jr for a long gun it goes,giddy he's back in Giddy On The Run G is an excellent passer,for the floater with the left hand this time,Shooting it over Dorian Finny Smith,rebound goes to Chris Paul might pull up for a quick three here indeed he will,Thompson right by Yovic for the hammer,Quinton Grimes making a case for himself,Steve Kerr pitching Draymond for Defensive Player of the Year.,Dime and Lewis does the rest.,Four boards in the quarter for Kesler.,"Thompson looking for his first points, hits a jumper.","Okongwu slams it home, back to double figures.",Fevich answers with a score for Chicago.,"Martin kicks it out, Clippers miss a wide open three.",DiVincenzo splashes another three.,Williams curls and hits with the shot clock expiring.,"Chell and CP collapse the paint, force a perimeter miss.",Claxton spins on Achiuwa and scores with a sweeping hook.,"Joe drives and kicks to Springer, whose shot rims out.",Mobley tips in a missed shot just before the half.,Bane hits again from deep—big second quarter.,JD Davison finds a cutting teammate with a no-look pass.,Buouy answers for Detroit.
oh nice pass from Alvarado to Mei for the finish and the foul a little scoop in and the wrap around the back alvarado letting him wind a little because it won the Nets and then be able to execute one as well and now buries the three you hit hit the number qualified for it actually counting as a seasonal broadcasting that's right,roza starts well away from the basket draws a crowd gets it over to Murray keegan Murray,marrow from the wing misfires rebound tap but control by Jared Allen and assar Thompson blocked his shot,Scot down on the ground back down here and his teammates don't realize,we got good energy in the building,11 combined threes The Thunder right there with them,powell the other way backto back buckets as Norman Pow,Shenon goes in on Gordon Spins dishes Thompson for the dunk,Grimes shows he can be serviceable anywhere,Brandon Pajemski allowed to flourish.,Continuation for Barrett is going to count.,"Push it, score it.",Klay Thompson finally makes a basket.,Mitchell feeds Herro who hits a jumper.,Robinson hits a contested three off the bounce.,Jimmy Butler with a steal and lay-in.,Juang hits a mid-range jumper.,"Bane fakes Curry, scores inside.",Castleton is fouled in transition and still finishes.,Bochamp scores quickly for the Knicks.,Kee drives left and scores off the glass.,Garland drives and scores through contact.,Bane hits a third three in the quarter to beat the zone.,Luke Kornet records a big block.,"Kuzma sits—already changed, done for the night."
league minimum brown lays it in,Murray had his hand on a bunch of shots today there's Zack Lavine again playing downhill after Keegan Murray,they took away Beasley's opportunities and Durance and forced it to Thompson that's with the basket blocked by assar,ball hits a three,knicks continue to struggle offensively,This place just getting lit up with threes right now,harden keeps his defender in his back pocket floats it up and in,Dylan Brooks is in the middle of the zone but it didn't work,Tristan on a catch-and-shoot triple,Grayson Allen hits a three.,Tariff Whitehead’s coaching staff wants him to take 10 threes per game.,"Swings it back out front, Isaiah who's good for 6.2 assists a game, leads all rookies in that category.",LaVine hits a three.,"LeVert uses an Okongwu screen, Herro wants the iso.",Heismith flips it up and in against Buzelis.,Butler goes coast-to-coast for another finish.,Nice pocket pass leads to an easy score for Filipowski.,"Butler dishes to Adams, who scores despite the double team.",Branham hits a three after the Mamu screen.,"Payne fakes, scoops, and misses; Bochamp leads the break.",Jazz go on a 7-0 run but still trail by 19.,"Bridges saves the rebound, Anunoby drills a deep three.",Payne beats the buzzer with a lefty layup.,Wendell Moore gets a roll to cut it to 11 before halftime.,"Sasser hits a jumper, Smith gets the putback—game tied at 109."
that three is good and an early timeout for Brooklyn,dear Martin Rose is one of those unique players getting the bucket to Nerkish,Pistons rush it up laying it up and laying it in,Westbrook pass it out brown good pum fake,Bridges scores on another,Donic looking for another one on the step back Not going to get it,interception by Zoo harden lobbs it ahead to Jones through the defense to the rack and in,Over the top to Shenon Back to Thompson over the shoulder Finishing,Walker comes back with a pure mid-range jumper,"Curry goes up top, Jackson Davis throws it down.",Bobo knocks one down.,"He's going paint strong, score, wow.","Thompson starting to heat up, hits another jumper.","Herro gets around Niang, Mitchell drives and scores as shot clock expires.",Herder banks in a tough shot.,Draymond hits his third three of the game.,Alexander-Walker spins and scores inside.,"Morant weaves, stutter steps, and finishes.",Spurs on an 18–5 run over the last five minutes.,Shamet drills another three for the Knicks.,"Senzaba grabs his miss, drills a triple—his fourth.",Porter knocks down a jumper.,Morant opens the third with another three.,Shaman hits a three to open the second half.,Harper Jr. scores right on cue with a strong drive.
wilson little euro little dish and Claxton reverses it in,kings still rolling with their starting five halfway through our third quarter sabonis how quick was that good golly,Beasley against Merill Beasley in the lane outside ofar clock it one he'll fire it's off the rim Malik with the rebound back up and in count that baby and a foul,Jordan plant their feet I think they can take some charges to long range got it,Bridges not only blocked but he got the ball and it was loose off the backboard,Looked like Goodwin was in position for the rebound,barnes on the wing for three and he silences,Brown into the paint finds MPJ His corner three is good,"George with the basketball, Sar sets the screen","Devin Booker back on the floor, misses a three.",Toronto knocks down another.,George out front putting a little bit of pressure on Jaylen Green.,"Turnover into the hands of Exum, spins and leaves it for a Marshall slam.",Okongwu hits a three.,Wiggins scores again off a great pass.,Kawhi hits another mid-range jumper.,Edwards goes downhill and banks it in.,Curry hits from outside.,Barnes hits another fadeaway.,Watford stumbles but still scores on a drive.,OKC scores easily in the paint to stop the Jazz run.,Okoro drives and gets bumped—no call.,Randle hits a floater from the baseline.,Cornet sets a flare screen; Baylor hits behind-the-back highlight layup.,Lintman buries a deep three.
bounces watford gives it back wilson wide open connects on a three,jeff three-pointer for the clock that continues his streak,darland to the Lane deep bounce for Hunter and DeAndre Hunter reverses and scores,pick it in the lane yes he's got to be aggressive for the play,jeffrey this guy is hotter than a tailpipe,Trying to create off the dribble Dort again gets an open look and Dort again capitalizes from deep,harden the rebound runs the show lock to Derek Jones Jr up high and throws it down,Gore gets another flying slam,"Keshan off the window, gets the layup",Allen lost the handle.,Obo finds the bounce and the bucket and the foul.,"The Jazz in the paint, nice job flip.",Mavericks hit five of six from three this quarter.,"Highsmith nearly turns it over, Anderson hits a three.",The Heat now have 20 assists in the first half.,"Kawhi fakes, draws the foul, and scores.",Edwards goes coast-to-coast for a powerful slam.,"Curry collects the rebound, pushes up court.",Keldon steals and ties the game.,Payne tries to hook inside at the buzzer—no good.,"Williams scoops, passes to himself, and dunks it.","Strus hoists a shot as the clock winds down, Anunoby rebounds.",Edwards scores through contact with the left hand.,Sims hits another three.,Smith grabs another board; Harper misses from deep.
claxton the wide strides and the follow and the tumble and what things look like a lot of it in more cases than not did not necessarily go the way that the odds would stack claxton drills a three,great find from Simpson oh nice run by Musa and a better pass that's left-handed,Dean Wade now deep right to Garland for a long gun that goes that was way way way behind the long line,that's a heck of a block right there,he give that ball to Booa where he just one bounce and he's at the front of the rim,That's his fourth three here in the first quarter,Harden's going to have to bail him out late in the clock the three oh he does,Dylan Brooks gets the three off the miss,Champenny fights for it,Six offensive rebounds for Golden State.,"Johnson fly by drive, Johnson can't finish, Watford claims it and puts it through with a foul.","Here comes a loose ball, Keonte showing speed, drops it inside to KJ, hangs on a pivot, tough puck, scores it.","Williams has two triples, Thompson with his fourth.",Slow-Mo Anderson hits another triple.,Fevich answers with a jumper.,Harden drives and dishes to Zubac for the layup.,Filipowski scores again inside.,Looney to Curry in the corner for three.,"Scotty Barnes scores again, now with 27 points.",Nets lead by 4 at halftime after shooting 66%.,Carlson drops in a right-hand hook.,"Brunson stops, fades, and hits a midrange jumper.",Conley drives and finishes with the left.,Charlotte grabs the lead in the third quarter.,Waters drills a clutch three—game within 5.
and I think one other thing you feel good about if you're a Nets fan is the way Shawn Marx's basketball operations department has drafted since he has been here but you know he's been pretty successful tonight new Orleans just 68% from the line beman kicks it out at the end knocks in the three nbc even higher heights than they realize i could not agree more i'm going to save all my sentiments for Sunday but I cannot agree more,Trey L up and down trey L,Dennis shuder gives to Malik Beasley gets it back CLS it Cross Court to Malik this for three and it's through,pass into the corner here comes herder inside he's learned his lesson,towns that snaps an ugly streak for the Orcs they've missed 11 consecutive triples,Everybody getting into the mix There's a terrific shooting display between these two ball players,catching the shooting and speaking of two over the back that's the beat company right there,Murray pulls up Misses Gets his own rebound Shoots over Thompson Contested three goes down,22 three-point attempts already,Curry sets up Jackson Davis again.,"Timmy gets to the corner, great pass there by Watford.","KJ Martin up on the board, that angle drive on the left side, not touching it with the right hand, just going straight to the glass with the left.",LaVine hits Sabonis on the clock.,Niang drills a three with under a minute to go in the third.,Herro step-back three is pure—he’s now 8-for-8 with 23 points.,Butler spins and hits the floater.,"Edwards gets the steal, finishes through contact, and draws the foul.",Morant finds the corner for a three.,Mamu flies in for a dunk.,Shamet opens the second half with a jumper.,Wiggins and Joe combine for 51 points in OKC’s backcourt.,Porter goes behind the back and finishes inside.,Edwards finds a teammate for an assist.,"Peterson high-points a rebound, keeps the Hornets alive.",Detroit gets a steal and a layup—two-point game with 9.8 to play.
in the semiinal or the championship game but Connecticut was just that dominant and and played such beautiful basketball that it was still a delight atmosphere amazing as a Woman lays it in plus the foul,nerf rolls it up and in,Mitchell finds a little daylight but lost the ball Simon fonio to Marcus Sasser off to Malik this for three and it's through,pick it over to Christian brown brown on the dribble Drive fall back 15 Christian Brown now with seven points,pounds uh-oh we've seen this before hornets have to call a timeout,Donic is going to take the bump and get fouled,what a save by Vel to Barnes and a timeout,Vanble Vleet No Shenun Yes Two,"Steal, Gout left hand layup",Another turnover by Phoenix.,"Watford at the controls, Johnson leaves it, Timmy spinny and bucket.","Passes out, nice shot down the barrel, straightaway three.","LaVine tries to hit Valanciunas, but it's picked off by Klay Thompson.",Robinson finds Anderson who hits another three as the shot clock expires.,Mitchell drives and hits a floater.,Harden step-back three is good.,"DiVincenzo misses, Naz Reid grabs the board and scores the putback.",Morant races back and scores in transition.,Keldon Johnson hits a jumper—he’s got 13.,Wilson drives on Tucker and finishes.,Micah hits a three at the horn—awaiting review.,"Brunson finds Anunoby, McBride's tip is no good, foul on Strus.",Edwards drills another three—Wolves 10-for-10 this quarter.,Norris scores despite contact; wants the foul but doesn't get it.,Milwaukee runs a hammer play—Waters hits a corner three!
do the numbers test the eye test evaluations but al it's just the comfort level the more time they get the more run they get also with one another,miles missed it intentionally cuz he wanted a hammer and then the creativity took over,Isaiah Stewart puts it on the deck goes behind the backat reverses and scores count that baby and a foul,giddy pass it out white long range hits again,backto back triple,Russo tough shot on the fade away over LeBron Nicely done,Ernie Gregorio inside counted and a foul,Vanble for three His third He's got 15,Back and forth action here,"Stephen Curry goes coast to coast, lays it in with the left hand.",Lewis the side stepping deuce.,"11, first Rocket to go double digits in this game.",Thompson goes coast-to-coast for the layup.,Hero hits from outside.,White returns and finds Herder for a finish.,"Harden scores again, now with 18.","Edwards dishes to Randle, gets it back, and hits the three.",Morant blows by the defense and lays it in.,Blake Wesley scores to give the Spurs their first lead.,Awuah kicks to Wilson who hits a smooth jumper.,Jaylen Williams records a third career triple-double.,Tyson feeds Mobley for a powerful dunk.,Jackson scores through contact—plus the foul.,"Hauser double-teamed, gives it up to Norris, who misses.",Connaughton’s buzzer-beater misses—we’re going to overtime.
oh you can count that alleyoop at the buzzer,d Rozan answers with a rare three,Marcus Sasser with a basketball fires top side fills it that's a three,Porter on the back cut it's three pull up no way oh my gosh,6 ft behind the line not a proud New York team,Heavy ball pressure by Joe out on Reeves,Zoo the floater it is good,Gore hits and the foul So they look to get three back the other way,Butler three is good,Money Hield cashes one.,Schwider drills the triple.,Collins Sexton passes over the top.,"Gafford gets the offensive rebound, puts it back up and in.","LeVert gets it ahead, Man finishes in transition.","Williams strips Kobe White, Hero finds Adebayo for the alley-oop.",Steph weaves and scores at the rim.,Edwards hits another three—he’s heating up.,Butler spins by the defender and scores.,"Shed kicks low to Castleton, who scores in the paint.",Achiuwa scoops it in off the glass.,Jaylen Williams no-look floater—could be shot of the year.,Strus hits another three to stop the Knicks’ run.,"Randle hits at the buzzer, Edwards called for the foul.",One-point game heading into the fourth.,Lindy Waters with a huge shot to force OT.
working amongst just icons well we all feel the same and huge congrats to Ian and Noah i mean how incredible is that going to be for them both to be Wait a second here now Tyson Tyson hurdles the front row lands before the second row and nobody even gets a scratch instead Tyson just landed on a chair it's almost like when Jeter dove into the stands i I wanted her to find out if they're sad they miss it or feel thankful oh yeah right are they happy that they didn't just get pummeled by FTN or did they want to get in the mix,miles Bridges the three-pointer second and not leaving Seth Curry he's going to have to do it in a transition game,down the lane goes Donovan Mitchell for a deuce,Watson get on the board on that nice push he still blocked it,lamelo two in a row great balls,Reeves flames it up and he's got three more,DJ slid right through for a nice easy two-footer for Castle,Brooks hits another corner three,"Tristan bounce pass Carrington to Jones, good ball movement, takes his time","Curry in the corner, automatic.","Blocking foul, count it and the bucket.",Sabah starts the second quarter.,"DeRozan drives with seven seconds left, shot blocked into the third row.",Game tied at 88.,Giddey sneaks inside for a layup.,GP2 floats it in off the roll.,Reid floats it in over the defender.,"Curry doubled, kicks to Green.",Mamu fades and scores from midrange.,"Whitehead misses a three, McCuller collects the rebound.",Another deep three goes down for OKC.,Garland attacks Robinson and lays it in.,"Pippen Jr. drives, scores, and draws the foul.",Pritchard scores again—momentum shifts back to Boston.,Connaughton misses to open OT.
oh no kane just pummeled that who am I oh my goodness you remember this,little pitch right there back from Nerk big man Valenunis leaves it for Lavine,rifles a pass outside to Marcus chasser Ron Holland gives it back to Marcus on the drive dishes to St for a stuff,Murray's got it start at three of to five went two of 12 bad pass deflected by vvi,that tells me a lot about LaMelo ball three fouls he comes out of the game did lose his little focus,Austin Reeves with his third three,castle the runner pounded and a foul,Yic no look pass looked off the entire Rockets defense,"Chris patient, Champenny wanted a foul","Curry drives it, finger roll teardrop.",Barrett back on the floor with Robinson.,He is such a sweet shooter from downtown.,"Marshall had a good first half, but turns it over.",Young pulls up and hits a deep three.,Wiggins steps back and hits a three with contact.,Leonard finishes another bucket at the rim.,"Clock winding down, Edwards scores in the paint with his left.",Butler hits the open man—Moody for three.,"Castle saves a loose ball, Keldon hits a rainbow three.",Payne is short on his jumper.,Mu leans in and hits a triple.,"Garland drives again, ties the game with a layup.",Pippen fakes and scores again inside.,Wendell Moore hits a deep three to keep it close.,Harper still struggling to connect.
wow you know as Brooks serves it in i Do you i do,nice hesitation and finish for Seth,poke it away two onone break Ron Holland doesn't give it up instead he throws it down,now giddy's going to try to ride it in nope here's Ellis second quarter and that one caught him,hornets lose track of Bridges leads it for Mark Williams score and a foul,Wiggins in the game Back out to the perimeter as homegrd,bdonovich oh a friendly roll and they feather the nest here,Brown gets the pass and hits the shot through contact,"Bagley no, Grimes skying in for the offensive rebound",Moody powers one down.,Moider circles his way short and Robinson cleans it up.,"Doesn’t matter how fast that close out is coming, he knows the distance where he can get that shot off clean every time.","Three-on-one for Sacramento, DeRozan finishes.","Herro gets a screen, finds Adebayo inside for a score.",Ellis drives and finishes strong.,Leonard slashes and scores again.,"Out of the timeout, Edwards drills another three—one away from the record.",Money hits a three in transition.,Castleton spins and hits a lefty hook.,Johnson misses from deep on a two-for-one attempt.,Filipowski posts up and scores on a mismatch.,Hart hits a three in the corner.,Morant hangs and finishes—highlight play.,Pritchard answers with a three—heating up again.,Sasser hits a tough shot over Bououy.
okay here's a Walma he got it,Zack Lavine is incredible,Donovan Mitchell to the Lane Way outside for Dean Wade who drills it,muray and Murray lets it Go ear muffs muffs tied at 69,wonderful basketball set mark Williams but no more,He'll launch and connect from deep,harden comes off the screen bakdanovich down the lane to the rack and in,Shepard misses Steven Adams scores the putback,"Sprays it out, Butler second chance opportunity",LeBron the clean look from downtown.,Johnson given space knocks down the three.,"VanVleet now 0 for 2, did not score in the first quarter.",Sabonis ahead to Carter for a breakaway slam.,"Man finds LeVert, Okongwu hits another three.",Ellis misses but recovers his rebound and resets.,Powell knocks down a key corner three.,"McDaniels scoops up the rebound, goes behind the back, steps through, and scores with the left.",Pippen Jr. leads a 3-on-2 and scores.,Mobley answers with a dunk at the other end.,McBride misses a jumper at the third quarter buzzer.,Young Thunder players continue to shine.,Garland responds with a three of his own.,Jackson scores on a mismatch against Reed.,Morris hits a tough response for Charlotte.,Letman scores inside with a soft jump hook.
that's with a 13-point lead lewis big strides inside and able to march to the cup from Matt Kovichic brooks lost the handle and the basketball beman another steal timmy yeah timmy,lavine wins the race down the floor and the Hornets choose to call timeout,Tri a lob it inside for Marcus Sasser batted away and swiped by the Cavaliers,giddy is Away Jordan couldn't put that one away long pass out to herder and herder lays it in,that's got to be trouble oh my goodness they play on and Carl Anthony Collins hammers it,Hayes has essentially been their starting center,Batum is left alone on the in for three,They go into Porter Junior who banks it in,Kobe Jones with the cut and the layup,"LeBron manipulates the defense, floats it up and scores.",Swider deep and pure.,A good look at it too after a little step back.,LaVine hits a tough jumper with the shot clock winding down.,Daniels gets a steal and throws it down.,Herro hits a floater in the lane.,Jimmy Butler fades and hits a clutch shot.,"George turns it over, Edwards finds McDaniels for a transition layup.","Clippers fake the corner shot, drive and score.",Scotty Barnes hits 30 points with a driving layup.,"Wilson drives, kicks to Johnson who scores inside.",Jazz tie their all-time record for three-point attempts (59).,Brunson pulls up on Wade and ties the game again.,Edwards shakes Alama and drills a three.,"Pritchard drives, gets the goaltend call—basket counts.",Jackson slams home a miss—momentum shifting.
they've led by as many as 20 whitehead able to pop it in,aj Simpson off the window and in,Garin away for a corner three that one won't go through but tapped up and in,M over yes,little runner suckly ball here taco Jeff played 17 games for the Knicks only made two three-pointers in those 17 games,Sets the screen Reeves is just absolutely on fire right now,barnes in the corner for three,Taran got a piece of that Westbrook shot,"Behind the back, corner three is no good",Curry sets up another lob.,Johnson big time slam.,"Thson feeds inside, big fella caught the rim and in.",Lyles hits a three for Dallas.,Mitchell answers for Miami.,White drives and gets blocked by Heismith.,Butler hits again off the glass with a wild angle.,Ju hits a three for Utah.,"Curry intercepts, turns defense into offense.",Castle absorbs contact and scores for the and-one.,Wilson hits a three—his second of the quarter.,Carlson called for goaltending—close call.,"Brunson drives, kicks, Robinson offensive board.",Edwards hits another three—he’s on fire.,Sims’ three blocked by Walsh.,Connaughton powers inside for a bucket.
21 fast break points so the tempo the cadence finding that early offense that has been working well for them at the end connects,Lyles with a creative reverse wow,Tim Hardaway Jr on the drive nice dump off to assar for a stop,Murray bangs it he's just going downhill a very unique style of playing the game of basketball and that one works,he's got three against his former mates tonight,Already 18 points,mishley with a big punch and it breaks a tie,Working through multiple defenders Westbrook finishes,Jones nice hesitation before the buzzer,Bradley Beal able to get it.,"Johnson looks for another three, he’s got another three.",Landell.,Mavericks 14 of 14 going into the fourth quarter.,"Herro uses an Adebayo screen, pulls up and hits.",Adebayo throws it down for an easy dunk.,Harden drives and scores through contact.,"Filipowski left alone, scores for Utah.",Green switches onto Jackson under the rim.,"Paul fakes, fades, and drills the jumper.",Shamet knocks down another triple.,OKC blocks a shot on the other end.,"Anunoby drives, denied by Allen.",Dincenzo hits a deep three late in the quarter.,LaMelo Ball misses from the corner.,"Waters sidesteps, hits a clutch three."
they had seven in the win in November against New Orleans 3:30 away from a season sweep,doug Mcder tan hits a three,Hardway to the basket Rises and slams The cameraman's down,herder giddy's on the run here he comes Again Play it in,score from the three-point lane and the next opportunity tried to get a high percentage shot mcbride sticks it on the left hand,Jason Wallace down the lane and he got it swatted,johnson to the rim and in and Johnson's got a dozen off the bench,Westbrook has been really really good today,Coach interview: Energy increased on back-to-back,Dorian Finney-Smith left open for three.,"Defense with the block, Johnson right back to Williams.","VanVleet kicks it out, drives, turns, fires a shot just a bit short.",DeRozan hits another jumper.,"Herro drives and kicks, Highsmith’s shot goes in.",Turnover leads to a fast break dunk for Miami.,Steph gets to the rim and lays it in.,Alexander-Walker hits a three from the top of the arc.,Jackson scores underneath.,Barnes hits a clutch three late in the fourth.,Right scores on a spin move and gets fouled.,"Isaiah Joe stays hot, adds another bucket.",Brunson hits a tough shot through contact.,Edwards finishes through contact for an and-one.,Diabate ties the game with a layup inside.,"Smith kicks to Jenkins, who finds Harper Jr. for a bucket."
kane buries it when Brooklyn needed him to your point about a positional size how he plays who he can guard there's a lot of good things kane spinning and hitting,Isaac Jones oh my goodness welcome to the game Isaac Jones,Darius Garin starts his Drive bounces it to a basket cutting Donovan Mitchell scores and draws a foul,herder and it's like that he's he's lowered the order just one of seven from three they need him to get going,quickly how did Mark only got six points let me get him his first three and an assist to go with him,Lot of size on this Lakers team,powell it's good norman Powell with 18,If Utah somehow beats Minnesota things could change,Coach wants one word in second half: fight,"Allen fires up a three, misses.",Whitehead fires and connects a triple.,"Landell rebound, left hand and he scores it.","Washington gets a deflection, recovers and hits a three.",Miami on a 9–0 run.,Robinson gets stolen by Horton-Tucker.,Powell flips it in after skipping the three.,Edwards step-back three—cash.,Odama scores in transition.,"Castle misses a fadeaway, Keldon grabs the rebound and scores with the foul.",Watford crosses up Tucker and scores.,Dillon Jones hits a deep three.,Strus knocks down another three.,Edy drops in a floater early in the fourth.,Sims turns it over on a tough possession—Shaman leads the break.,Waters misses a deep three.
what a dish and what a rejection matovic with an incredible block reeves wide open he got it it's a single digit deficit for New Orleans,Dabate his 10th rebound,Donovan Mitchell with a deep three that's through,Watson off the Glass,mcbride he came into the league i was not a believer in that jump shot,LeBron has got his first field goal of the game and it comes here early in the second quarter,Zupazoo sprinted back into play and just tipped it over,It’ll be Memphis vs the loser of the Clippers and Warriors in that 7-8 play-in game,Keshan starts scoring in the second half,Kuminga offensive rebound.,Beekman getting creative.,"Deonte hands up, Chuck Landell takes a shot, takes a bounce once out.","DeRozan makes it 13 in the quarter, 26 for the game.",Niang drives and scores inside.,"Horton-Tucker loses it, Giddey scores underneath.",Steph drops in a soft teardrop.,Edwards ties Malik Beasley for the league lead in threes.,Bane scoops in a runner.,"Keldon misses a free throw, Raptors push in transition.",Watford scores again—great isolation finish.,Jones emotional during the team photo earlier today.,"Anunoby drives, Strus blocks him, Allen grabs the rebound.",Randle finishes a twisting layup in traffic.,Pritchard gets fouled off-ball by KJ Simpson.,Jackson tips it out of bounds.
it's paying off as a rookie this year reeves quick move reeves curls it in on the reverse plus the foul,that catch was incredible and then the finish is even better for Dcoan,Hardway junor for three from the corner and it's through huge hoop,Long Pass Christian Brown rides it home over herder around everybody off the window,miles McBride working the baseline finds Carl Anthony Town second hammer for Town,All these teams have been battling it out against one another,powell alone in the corner for three,Winner of that takes on the Rockets,"Champenny getting downhill, tough layup",Santos is there.,Robinson lavitz and Abaji guides it in plus the foul.,"Right there, bowling four Jazz jerseys in the paint.","Williams uses a backdoor cut, waits, and scores with confidence.",Herro crosses over and hits a step-back jumper.,Horton-Tucker hits a tough jumper as the shot clock expires.,Dunn hits his fourth three—perfect shooting night.,Nice pass and dunk by Micah Potter.,Jackson gets it to fall in traffic.,Barnes scores quickly to keep hope alive.,Miller drives strong and finishes at the rim.,Another free throw falls—OKC continues to score.,"Strus misses a heat check three, Hart grabs the board.",Morant drills a step-back three.,Charlotte shifts to a box-and-one defensive look.,Milwaukee secures the win and improves to 48–34.
that three is good big possession here for Brooklyn beakman storms in kicks out a you bet make it a five-point game and now the Nets will dribble it out brooklyn hangs on for its 26,Jeffrey dribbles across half court and that'll do it,Donovan Mitchell with a three and that one through on the other end,batted out good hustle Watson for three B,starters didn't play their normally heavy minutes for the Knicks because they got blitz,That is what has been so entertaining here over the last couple of weeks,Bogdanovich he was eyeing a three himself,"Max is part of the Rocket social media team, makes fire highlight videos",Chris now in double figures,Pajemski reigns in another three-pointer.,"Timmy leaves it, Lewis, Whitehead knock away, steal, Roden coast to coast for the swipe and slam.",And what happened was E somehow grabbed it.,DeRozan hits another mid-range jumper.,"Daniels feeds inside, scores to cut it to one.",Kane makes a strong second-effort play to push the lead to 16.,GP2 resets and hits a three at the top.,Edwards hits another three—he’s now the league’s three-point king.,"Butler steals, scores on the break.","Paul steals and feeds Keldon, who spins it in.","Watford draws a double, Wilson misses a deep three.",Jazz wrap up their home schedule.,"Anunoby drives in transition, Strus blocks again.",Bane hits a tough jumper.,Hornets miss again; Celtics recover the rebound.,
,,rebound comes away to okaro in the hands of Donovan Mitchell Mitchell Rises a deep deep three that's through,vvi in on nii scores,still a backto-back tough travel,Case Wallace goes right to the cup in transition,castle hangs and hits he is going to be a handful if he isn't already,Crossover and score by Shenun,Quinton Grimes with a three,Kuminga able to score.,A BI with cool intentions to the rim.,"Just over five minutes to play in this first half, the final of six games here at home.",Sabonis puts one back in off a miss.,"Highsmith bounces to Adebayo, who is stripped but Highsmith scores underneath.",Giddey hits a three from the top.,Zubac flips in another bucket for the Clippers.,Minnesota gets the win and avoids the Play-In.,Bane hits another runner.,"Barnes lobs it up, Mamu finishes the alley-oop.","Payne is cut off on the baseline, Shamet misses a jumper.",,Hart scores on the putback.,"Edwards escapes the corner, drops it off to McDaniels for the layup.","Walsh steals it, and Mazzulla calls timeout.",
,,shuder to the Lane stops and fires and fills it up Dennis shuder with a huge hoop,easily a floater in the lane that's no good,how strong is Anobi,JDub once again on the move,counted and a foul in the process of retaining possession too,Cam Whitmore from the wing hits the three,"Alex already with 100 threes, 100 blocks, 151 assists",Bryan D hits a corner three.,Paloma drive and finish.,Sends the ball.,Klay Thompson hits a tough shot that hangs on the rim and drops.,"Daniels hits the deck, finds Young who scores inside.","Mitchell drives, finds Anderson for a bucket.","Curry crosses over, relocates, and hits the three.",Anthony Edwards finishes as the three-point leader this season.,Aldama hits a three from the outside.,"Toronto down to final possession, Battle misses a three.",Awuah pivots and scores inside over traffic.,,Bridges grabs the board and finishes the putback.,Morant hits another three from the top.,Hornets try to get a quick three but are run off the line.,
,,Tim Hardway Jr to the Baseline in front for a stop 126 to 118 Pistons,give it to Zeke and Zeke lays it in,he's been playing in foul trouble majority of this game,Sees nothing but Laker Unis decides to pull it back out resets drives and he's got two more,powell gets to the rim and lays it in strong drive,Williams makes the corner three,Bona reminds me of Reggie Evans,Pat Spencer with a reverse lay-in.,Whitehead three ball short.,"Catch Jaylen Green drives, Walker comes by to help, swaps that ball away.","Brandon Williams hits again, now has 17 points.","Mitchell launches to Herro, who’s fouled by Man.",Mitchell hits a three from the wing.,Steph gets fouled after a double team.,,Pippen Jr. drives and scores.,Ball ends up in Chris Paul's hands to seal the game.,"Wilson sticks with the ball, misses, Timmy tips it, Knicks save it and score.",,Garland hits a wild floater—improvised beauty.,"Morant misses, Pippen grabs the board, sets him up again.",Pritchard dribbles it out.,
,,schruder against Mitchell is playing with five fouls he'll step back and fire and fill it up the shot of the night right there,pass PS On The Run that's no good follow it is good,these are important minutes without LaMelo on the floor,Driving left and finishing right,creates space and launches a three that is good,Aaron Holiday makes the three,Carrington got the go-go music playing,San Antonio miracle referenced.,"Bobo get it up ahead Abaji, right back to him, Bobo clear the runway for takeoff.","Watch the speed, McCoy throws it away.",Davis has his shot blocked by Her.,Herro misses the second free throw.,"Mitchell fakes, drives, and hits a runner.",Steph makes both free throws.,,Morant fires a three—misses.,,McCuller kicks to Shamet who misses.,,"Brunson tries to float it in, Strus grabs the rebound.","Morant drives, hangs, and finishes—plus the foul.",Another stellar performance from Payton Pritchard.,
,,a swipe by assar took his time to the rim threw it down,Toby white white up and under under the corter he's open good screen by Zeke,chicken salad got to make it got to spread it,Donic continues the aerial assault from outside,castle to the rack invited baseline no help comes,Lob is connected Williams again,"Butler offensive rebound, crossover on Champenny, finger roll goes in",Bryan Dunn gets a three-pointer.,The Toronto Raptors claim the season series.,"Keonte picks it up, back to Senza, triples away and good.","Davis has it again, swallowed after grabbing the rebound.","Young gets the inbound, drives and ties it.",Nice jump hook by Ware.,Powell drives baseline and finishes through contact.,,"Odama loses the rebound, Curry capitalizes with a three.",,"Johnson drives, absorbs contact, and finishes at the rim.",,Anunoby picks it up but misses the layup.,"Pippen pushes, finds Bane, then Jackson for a trailing three.",Boston Celtics finish the regular season 61–21.,
,,hardfought game and a great victory for the Pistons here playing without Stars Kate Cunningham and Tobias,outside now herder trying to dance around nii herder in on yeah blocked it Zeke blocked it,productive both he and Mark Williams have put up numbers,That's really been something that the Thunder can continue to build on throughout the ball game,markdanovich done in the corner for three it's good,Back to Cam Whitmore Resets and scores,Inside two hands for Alex Sar,"Knox side step, sets up Santos.",,Now you made up for it.,"Anthony Davis hits a jumper, erases Sacramento's chance.",Anderson misses at the buzzer.,Hero scores a tough layup off the glass.,Curry hits his third straight three.,,Canard finds Jackson who hits a deep three.,,"Awuah fumbles the catch, recovers, and gets blocked by Watford.",,Strus rebounds and gets fouled—Cavs take control.,Jackson hits the three—10-point lead for Memphis.,,
,,,giddy Terry and Smith white long range got it again,nerfs with a touch had his pocket picked,SGA not in the paint for the step back right over Donic in rhythm,Martin can he put the finishing touches he can knocks down a three,Seven will be the loser of the Clippers and Warriors vs Memphis for that play-in,"Grimes splits, passes to Cass, swings to Walker",Spencer got it.,,"Slides that ball down to Shingun, gets it back off the wing for the triple, up and out.","Davis goes body-to-body with Murray, hits the turnaround bank shot.","Wiggins misses at the horn, we’re headed to overtime.",Wiggins hits a quick catch-and-shoot three.,Steph hits a long two just inside the line.,,"Green tips it, Jackson recovers, drains another three.",,Keon Johnson kicks to the corner—McCuller airballs.,,Knicks fall to 0–4 vs. Cleveland in the season.,Grizzlies close it out with a win.,,
,,,a little fake and and Christian kind of set up the play White got to put your hand up,nicks run hart makes that layup no jaylen Brunson,Thunder executing on the offensive end shooting 67%,mclofflin Jordan Mclofflin the Trojans reads the scene,The winner will play Houston in the first round,"110-60, joining Victor Wembanyama numbers",Houston snapped their five-game win streak.,,"Rebound, sends the ball back to Bryce.",DeRozan scores again from mid-range.,"Mitchell kicks to Highsmith, who finds Herro for a corner three.","White misses, Ellis tips it in.",GP2 drives and flips it in.,,Ber hits a floater to tie the game.,,Right catches the airball under the hoop and scores.,,Knicks led much of the game but lose down the stretch.,,,
,,,white just Walt is in there too far out a little bit,that's easy easy with the right hand for miles,Shot clock an issue Connect down the lane What a block from Hornstein,bdonovich pretends to shoot pretends to pass then pulls the trigger and knocks it down,Congratulations to Denver They took care of business and clinched the four seed in the Western Conference,Carrington hits another three,Jackson Davis recovers a block.,,"He's been hot from that spot, still is.",Murray drives to the rim and finishes.,Young floats it in.,Horton-Tucker lays it up and in.,Shot clock expires—turnover after travel.,,"Jackson drives, hits a midrange jumper.",,"Watford kicks to Wilson, who misses a contested three.",,,,,
,,,pass is thrown away intercepted by Jaylen,good ro by Seth leaves it for more,Look at all the goal Shay looking at Shay as he's trying to find a way to get inside that painted area,beautiful play that time by John,The Rockets have locked up the two seed now for a week,Washington’s first turnover of the quarter,Davis had earlier lobs from Curry.,,He wanted a challenge on that.,Gafford throws it down right on Sabonis.,Mitchell hits a three.,"Miami's offense clicks, finishing 13-of-19 from the field.",Dunn finds Zubac for a dunk.,,Kchar nails a three for the lead.,,Knicks find Shamet inside for the layup.,,,,,
,,,Smith and the dunp,good drive right there seth gets by his controll,And the man of the moment is Armstein,Wesley in overdrive throws it down,,Alex Sar again,Spencer scores again.,,"Oh my goodness, he's still jumping.",Lavine hits a three from deep.,"Hero iso, Mitchell hits again.",Respect shared postgame as the Heat win.,"Powell misses, Steph kicks, but it's stolen by the Clippers.",,Butler scores through contact inside.,,Johnson’s three is blocked by Payne.,,,,,
,,,Christian Brown on the up yes and a foul,back up to 10 this is where it was at half,Dorian Finny Smith says If you're going to leave me wide open I'm going to make the three,the buzzer sounds and it seems like the Clippers are safe by zero here 122 to 117,,"Jones, Champenny, Johnson, Martin and Tristan on the floor",Monte Morris drops a three-pointer.,,"In fact, he just missed a blow by.",Thompson buries a three.,Mitchell gets fouled by Man.,,Kawhi rises at the buzzer and misses—overtime.,,Green kicks to a cutting teammate for a finish.,,Final: Brooklyn finishes the season 26–56.,,,,,
,,,Porter picks up white P three on the way good,pounds survives a bump makes it with his left hand and then gets beat,Settled for a lot of threes that they've been able to knock down so far,,,Jeff Dton first time checking in this half,That's the final: 133-95.,,"Ston, that ball caught the rim.",Davis hits a three from the corner.,Wiggins floats it in.,,"Dunn denies Steph, who misses the layup.",,Bar sets and hits the game-tying shot.,,,,,,,
,,,they're trying to double made,,Thor has another one from deep,,,D straight on three,,,"In the crowd, Walker keeps that rebound up high, clears it away to Keonte.",Final score: Dallas advances to play Memphis.,Young steps back and buries a three.,,Harden hits a big corner three for the lead.,,Bane cuts and scores.,,,,,,,
,,,and it's the same guy so they're switching burner Murray knocks one in big triple,,LeBron the clean look from downtown,,,"Heat check, he's home and comfortable, Upper Marlboro native",,,"Nice drive, finger roll left hand.",Sacramento’s season is over.,"Hero hits a jumper, 117–114 Miami.",,Harden hits another three—back-to-back.,,Jackson hits a corner three.,,,,,,,
,,,giney for three wow,,Extra possession here for LA,,,Career high is 24 in first NBA start,,,And the Jazz are really pushing back before halftime.,,Mitchell hits another jumper late in the shot clock.,,Draymond hits a corner three in response.,,"Morant fakes, hits a three over Payton.",,,,,,,
,,,people on the outside kind of standing and watching to make it three against the Nuggets who snapped a big win streak in Houston,,LeBron wants that screen Got it,,,Much needed bucket for Washington,,,El Smith Jr. gets that bucket.,,Miami wins two road games in the Play-In and heads to the playoffs.,,Harden drives and draws the foul—goes to the line.,,Curry answers with a deep three.,,,,,,,
,,,wide open is D Terry that's a line dri,,Trying to manipulate the defense Floats it up and scores,,,"Kan now guarding, switch to Martin on D",,,"But the Jazz doing a nice job of just not rushing things, getting back into this game.",,,,Butler kicks to Cody for a three—missed.,,Morant slashes to the rim and scores.,,,,,,,
,,,white out to Giddy gidy knocks another one in timeout,,It ends up being a three-point trip,,,Grimes needs no dribble,,,"Space drive, caught it and in.",,,,Steph reaches 36 points.,,Curry explodes to the rim with a steal and finish.,,,,,,,
,,,hur's in the lane and he throws it down with the left,,Nice little soft float that time,,,"Game recap: Keshan with 13 and 4, D with 22 (11 in 3rd)",,,He wanted a foul.,,,,Harden gets blocked on the drive—goaltending called.,,"Butler blocks a layup, then hits a corner three.",,,,,,,
,,,Murray over V that's no good,,Homegrid was there on Finny Smith,,,Marcus Bagley gets the bucket and the foul,,,Dillon Brooks went 1 for 5 in the first half.,,,,Butler scores backdoor for an and-one.,,"Butler isolates, steps back, and hits over the defender.",,,,,,,
,,,Westbrook it down westbr in the lane but right now it's not enough,,LeBron with just his third three-point attempt,,,"Ricky Council uses strength, and one with the left hand",,,"They feed him, but here comes Jaylen Green around the corner.",,,,Review overturns foul call to no call.,,Curry hits a clutch three over Green’s screen.,,,,,,,
,,,Murray slings it Christian Brown on the Run 125 117 big possession here,,You had a chance to kind of look at halftime and decide where you leaking at on offense,,,"Boer hits a three, 17 points in 15 minutes",,,Rebound Amen Thompson.,,,,Kawhi drives and travels—turnover.,,Butler knocks it away but Memphis recovers.,,,,,,,
,,,Watson on the move over herder got it,,Able to get inside again off a dribble penetration,,,Dton's third quarter was impressive,,,"Brooks will take the triple, gets it.",,,,"GP2 finds Draymond, who misses the layup.",,Curry deflects the ball loose again.,,,,,,,
,,,Chris Dy vich in the lane throw up and in got too deep,,Trying to work through the offense here JDub down the lane,,,Ricky Council the fourth,,,He wastes no time to push it.,,,,"Clippers foul Kawhi, who hits one of two.",,"Curry comes off a screen, fakes, and hits another three.",,,,,,,
,,,Porter with 16 Watson with 24 Jordan with 10 and 17,,Hardstein got that loose ball and puts it up and in,,,Jaylen Martin alone for three,,,"Boy he ran into Van, kept going, scores it.",,,,"Butler's final inbound goes to Buddy, who airballs the three.",,Curry has scored 15 of the Warriors’ last 19 points.,,,,,,,
,,,,,Now playing defense on Vanderbilt Back out to LeBron Deep three on the way And LeBron James,,,Tristan offensive rebound,,,That's a tough muscle move by Collin.,,,,Harden secures the rebound—Clippers win.,,Morant drives one last time.,,,,,,,
,,,,,Everything going up for the Lakers right now is going in from behind the arc,,,Champenny with an offensive rebound again,,,"Shenon fouled inside, side out Utah.",,,,,,Bane misses the final shot.,,,,,,,
,,,,,Short on the fadeaway and the Lakers with the basketball,,,15 offensive rebounds in last 3 games for Champenny,,,"Nice cut inside, Walker, how about that assist.",,,,,,Golden State holds on to win and clinches the No. 7 seed.,,,,,,,
,,,,,Duchic well behind the three-point line and Luca Donic delivers another three,,,"Castleton with the rebound, bounce pass Walker slams it home",,,"Deonte dancing out behind the three-point line, drops it inside, Walker just through his hands.",,,,,,,,,,,,,
,,,,,So far it has been a one-sided third quarter,,,Timeout Sixers,,,"Got it back, VanVleet took it away and here comes Dillon Brooks with a head of steam, drives on Flip and scores.",,,,,,,,,,,,,
,,,,,Donic going to pick up the technical,,,Sixers are fifth in the league in steals,,,He wasn't quite sure himself.,,,,,,,,,,,,,
,,,,,Able to maintain the confidence of all of that shooting from the outside,,,"Dton again, slides his feet",,,Wide open Thompson in from the corner.,,,,,,,,,,,,,
,,,,,SGA breaking down the defense No but it never slowed down,,,Tristan run out of gas,,,"Deonte passes out, Sexton lines it up and drops a triple.",,,,,,,,,,,,,
,,,,,Goodwin certainly wasn't going to do it,,,"Drop, shooters bounce",,,I don’t know how Sexton found that ball in traffic.,,,,,,,,,,,,,
,,,,,Just a four-point game despite the lack of offense,,,Jeff Dton with 30 points tonight,,,"Now he resets, three to shoot, down to two, he's got to hurry.",,,,,,,,,,,,,
,,,,,Vincent gives it up Hayes with some power got by SGA,,,"Tristan hits again, it’s your world",,,"Step back triple, just beat the clock.",,,,,,,,,,,,,
,,,,,This big Lakers third quarter continues,,,Seven for seven from free throw line until jinxed,,,"Sexton, what a beauty.",,,,,,,,,,,,,
,,,,,Playing solid defense on too much Shay,,,"Washington drops to 17-63, 8-32 at home",,,"Here's a scouting report, if you're scouting Isaiah Collier and you're guarding him one-on-one, he is going to get by you.",,,,,,,,,,,,,
,,,,,Using those screens Steps back straight away buries it from downtown,,,Final home game of the season,,,You can say the same about Jaylen Green.,,,,,,,,,,,,,
,,,,,A much needed three Excellent opportunity in transition,,,Philadelphia wins regular season series 2-1,,,That's a wicked good layup.,,,,,,,,,,,,,
,,,,,Shots that Caruso normally makes,,,Final score: 122 to 103,,,"Look to the middle of the floor, now drops it, Walker nearly had it taken away by—excuse me, flipped by Landell, recovers and scores.",,,,,,,,,,,,,
,,,,,Double team comes up and Hayes with the put back spike,,,,,,So Filipowski finding a little rhythm here.,,,,,,,,,,,,,
,,,,,Just post you up and get down inside here,,,,,,Collier went for the steal.,,,,,,,,,,,,,
,,,,,Wallace side the other end registers one from deep,,,,,,"Landell dials up the triple, out it comes to KJ and the leak out.",,,,,,,,,,,,,
,,,,,Jayd back out to the perimeter Kuso with space takes advantage,,,,,,"Collier is there, takes on the big man, tough shot and one.",,,,,,,,,,,,,
,,,,,Long rebound and James able to put it in,,,,,,Drove it right up his chest and Isaiah at the line.,,,,,,,,,,,,,
,,,,,Now he's getting the heavy pressure from Vanderbilt's got to give it up,,,,,,That missed shot finds its way back to Jaylen Green.,,,,,,,,,,,,,
,,,,,Wallace the drive and the finish with the left hand as he was able to attack,,,,,,"Landell throws it away, trying to force it inside to Een.",,,,,,,,,,,,,
,,,,,Connect by keeping the dribble alive Little hesitation and he's going to get the bounce,,,,,,"The Jazz run, Keonte to the line, and KJ Martin two hands it.",,,,,,,,,,,,,
,,,,,That's going to be a technical and he's gone,,,,,,"And the rebound flip out, watch out, showtime Kee.",,,,,,,,,,,,,
,,,,,As he looked at the officials and was kind of like taunting,,,,,,13 up on the shot.,,,,,,,,,,,,,
,,,,,Vanderville trying to stay attached to SGA,,,,,,Here's Johnny.,,,,,,,,,,,,,
,,,,,Instead back out to the perimeter Caruso bottoms one from deep,,,,,,"He'll drive inside, how about that little move, little twist.",,,,,,,,,,,,,
,,,,,Parkstein Nice pass Caruso What a play,,,,,,"Son directing traffic, here's KJ with a screen on VanVleet, catch and shoot Flip, and bang, found it.",,,,,,,,,,,,,
,,,,,Athletic on the reverse able to hang in the air for the score,,,,,,He found it.,,,,,,,,,,,,,
,,,,,Shay Vanderbilt's been on it all night long,,,,,,That's what I'm talking about.,,,,,,,,,,,,,
,,,,,Wants to step back and nails the step back,,,,,,That's just great work defensively.,,,,,,,,,,,,,
,,,,,Take a dunk by LeBron James No matter what age he's at,,,,,,"KJ nearly dropped it out of bounds, resets out front.",,,,,,,,,,,,,
,,,,,James using the body to steady himself,,,,,,"Sexton in the paint, what a tough pass and catch.",,,,,,,,,,,,,
,,,,,Facing this 123 run And the pull in the hands of the leading MVP candidate,,,,,,"Filipowski on the downhill move by Shenon, and just does a nice job.",,,,,,,,,,,,,
,,,,,Looking for a little more Yes from the outside Another three,,,,,,"Bryce turns it over here, well he was dribbling, just simply took his eye off the dribble.",,,,,,,,,,,,,
,,,,,Wallace takes it himself and it goes plus the foul,,,,,,"VanVleet's been off all night but a push in the back, the bucket.",,,,,,,,,,,,,
,,,,,Both teams will empty their benches in lie of back-to-back games tomorrow night,,,,,,"Play of the Rockets down in that paint right now, especially with a great scorer down there like Ben.",,,,,,,,,,,,,
,,,,,The Thunder just continue to pour it on,,,,,,"Chen the three, counted and the foul by Holiday.",,,,,,,,,,,,,
,,,,,It's the offense in the first half and then the finishing fourth quarter to take down the Lakers,,,,,,"Here's E again, hard defense by KJ.",,,,,,,,,,,,,
,,,,,,,,,,,"KJ’s done a nice job there, just a better offensive play.",,,,,,,,,,,,,
,,,,,,,,,,,But that shot was easily blocked on a quick move by Een.,,,,,,,,,,,,,
,,,,,,,,,,,"Johnny wide open, take it up and in.",,,,,,,,,,,,,
,,,,,,,,,,,"How about that outlet pass by a big man, Flip Philipski.",,,,,,,,,,,,,
,,,,,,,,,,,"Jazz a little lackadaisical, the ball knocked out of the hands and forced a turnover.",,,,,,,,,,,,,
,,,,,,,,,,,"Back out front, quick hit three, got it.",,,,,,,,,,,,,
,,,,,,,,,,,"That's how quick things can flip, Jaylen Green.",,,,,,,,,,,,,
,,,,,,,,,,,"Jazz down 11, inside out Juane rises up, Johnny sweet shot.",,,,,,,,,,,,,
,,,,,,,,,,,"Number two team in the West, Oklahoma City.",,,,,,,,,,,,,
,,,,,,,,,,,They are the strongest team in my opinion in basketball.,,,,,,,,,,,,,
,,,,,,,,,,,"That Collier move was a dandy, really overran the bucket.",,,,,,,,,,,,,
,,,,,,,,,,,"T and the dribble belongs to Jaylen Green, now they fire down low.",,,,,,,,,,,,,
,,,,,,,,,,,Inside shot and pop off the glass and Amen Thompson now with 15.,,,,,,,,,,,,,
,,,,,,,,,,,"On a turnover or miss shot, 19 points for Ston.",,,,,,,,,,,,,
,,,,,,,,,,,"Jaylen Green slides by Flip, scores.",,,,,,,,,,,,,
,,,,,,,,,,,It’s kind of a throwback but he fits today’s game.,,,,,,,,,,,,,
,,,,,,,,,,,He can really do it all.,,,,,,,,,,,,,
,,,,,,,,,,,"Boying up, threw it behind his back.",,,,,,,,,,,,,
,,,,,,,,,,,"Ching working against Philipski, trying to scores.",,,,,,,,,,,,,
,,,,,,,,,,,"T, I think you’re right.",,,,,,,,,,,,,
,,,,,,,,,,,How did the Jazz respond?,,,,,,,,,,,,,
,,,,,,,,,,,I thought they busted up and down the floor.,,,,,,,,,,,,,
,,,,,,,,,,,They played some tough defense.,,,,,,,,,,,,,
,,,,,,,,,,,They had a couple of miscues at the most inopportunist.,,,,,,,,,,,,,